Workbook

Sheet Inputs
A1: Key | B1: Value | C1: Unit | D1: Tag | E1: Basis / formula | F1: Source URL | G1: Source date
A2: order_date | B2: 46287 | C2: date | D2: Reported | E2: NJDEP AONOCAPA dated Sep 22 2026 (Facility 75894) | F2: https://dep.nj.gov/wp-content/uploads/newsrel/2026/dataone75894-aonocapa.pdf | G2: 2026-09-22
A3: receipt_date | B3: 46287 | C3: date | D3: Estimated | E3: Receipt date not disclosed; assume same-day (email/hand) receipt. Change to 2026-09-25 for mail receipt. | F3: https://morristownminute.org/1-07-million-penalty-vineland-data-center/ | G3: 2026-09-22
A4: deadline_45d | B4: =$B$3+45 | C4: date | D4: Derived | E4: receipt + 45 calendar days (Nov 6 if receipt Sep 22; Nov 9 if Sep 25) | F4: https://www.enr.com/articles/63694-nj-fines-data-center-1m-over-123-mw-of-unpermitted-generation | G4: 2026-09-23
A5: hearing_req_deadline | B5: =$B$3+20 | C5: date | D5: Derived | E5: receipt + 20 days; penalty final day 21 if no hearing request | F5: https://www.enr.com/articles/63694-nj-fines-data-center-1m-over-123-mw-of-unpermitted-generation | G5: 2026-09-23
A6: outage_start | B6: =$B$4+1 | C6: date | D6: Derived | E6: first day after the 45-day window | F6: — | G6: —
A7: penalty | B7: 1072000 | C7: $ | D7: Reported | E7: civil administrative penalty | F7: https://www.nj.gov/governor/news/2026/20260922a.shtml | G7: 2026-09-22
A8: genset_count | B8: 62 | C8: units | D8: Reported | E8: Caterpillar G3516H | F8: https://www.enr.com/articles/63694-nj-fines-data-center-1m-over-123-mw-of-unpermitted-generation | G8: 2026-09-23
A9: genset_kw | B9: 1982 | C9: kW each | D9: Reported | E9: nameplate | F9: https://www.enr.com/articles/63694-nj-fines-data-center-1m-over-123-mw-of-unpermitted-generation | G9: 2026-09-23
A10: genset_mw_gross | B10: =$B$8*$B$9/1000 | C10: MW gross | D10: Derived | E10: 62 x 1.982 = 122.9 MW | F10: — | G10: —
A11: pue | B11: 1.2 | C11: x | D11: Estimated | E11: team assumption (nebius_capacity.xlsx Vineland high formula uses /1.2) | F11: nebius_capacity.xlsx | G11: 2026-10
A12: grid_mw_gross | B12: 5 | C12: MW gross | D12: Estimated | E12: team figure: ~5 MW utility feed (nebius_capacity.xlsx Vineland high formula) | F12: nebius_capacity.xlsx | G12: 2026-10
A13: it_ceiling | B13: 107 | C13: MW IT | D13: Estimated | E13: team ceiling ~107 MW IT = (5+122.9)/1.2 | F13: nebius_capacity.xlsx | G13: 2026-10
A14: it_energized_at_deadline | B14: =MIN($B$13,4*$B$17) | C14: MW IT | D14: Estimated | E14: 4 tranches delivered (T1 Nov-25, T2 Feb-26, T3-T4 Jul-Aug-26) x equal-split tranche size, capped at ceiling | F14: https://assets.nebius.com/assets/a6ecfd85-a6cb-4967-8ef7-9a25bd261f9c/SHLQ226.pdf | G14: 2026-08-12
A15: grid_it | B15: =$B$12/$B$11 | C15: MW IT | D15: Derived | E15: grid feed / PUE | F15: — | G15: —
A16: genset_fed_it | B16: =MAX(0,$B$14-$B$15) | C16: MW IT | D16: Derived | E16: energized IT minus grid-fed IT | F16: — | G16: —
A17: tranche_it_mw | B17: =240/9 | C17: MW IT | D17: Estimated | E17: equal split of 240 MW IT over 9 tranches (sizes not disclosed) | F17: nebius_capacity.xlsx (Vineland tranches tab) | G17: 2026-10
A18: rev_per_mw_yr | B18: 11.6 | C18: $M/MW/yr | D18: Estimated | E18: team: $17.4B / 5 yrs / 300 MW (per GROSS MW) | F18: https://www.sec.gov/ (Nebius 6-K, Sep 2025 Microsoft agreement) | G18: 2025-09-08
A19: rev_per_mw_it_yr | B19: =17392.9/5/240 | C19: $M/MW IT/yr | D19: Derived | E19: sensitivity: same TCV per IT MW (240 MW IT) = $14.5M | F19: nebius_capacity.xlsx (Vineland tranches tab) | G19: 2026-10
A20: usd_per_mwh_check | B20: =$B$18*1000000/8760 | C20: $/MWh | D20: Derived | E20: cross-check vs team $1,324/MWh (identical by construction) | F20: — | G20: —
A21: partial_curtail_pct | B21: 0.5 | C21: % | D21: Estimated | E21: consent-order style cap on genset output (no permit exists, so "permitted level" is undefined); flex 25-75% | F21: — | G21: —
A22: nox_tons_to_date | B22: 140 | C22: short tons | D22: Reported | E22: approx NOx emitted to date per Floodlight analysis of DataOne letter | F22: https://floodlightnews.org/vineland-nj-data-center-air-pollution/ | G22: 2026-10-01
A23: engine_hours_to_date | B23: 46000 | C23: engine-hours | D23: Reported | E23: >46,000 run-hours per DataOne letter (Floodlight) | F23: https://floodlightnews.org/vineland-nj-data-center-air-pollution/ | G23: 2026-10-01
A24: nox_lb_per_engine_hr | B24: =$B$22*2000/$B$23 | C24: lb/engine-hr | D24: Derived | E24: 140 t x 2000 / 46,000 h | F24: — | G24: —
A25: minor_source_nox_tpy | B25: 25 | C25: tpy | D25: Reported | E25: NJ major-source NOx threshold (ozone nonattainment) cited by Floodlight | F25: https://floodlightnews.org/vineland-nj-data-center-air-pollution/ | G25: 2026-10-01
A26: engines_at_minor_cap | B26: =$B$25*2000/$B$24/8760 | C26: engines continuous | D26: Derived | E26: 25 tpy / (lb per engine-hr x 8760) | F26: — | G26: —
A27: it_at_minor_cap | B27: =$B$26*$B$9/1000/$B$11 | C27: MW IT | D27: Derived | E27: engines x 1.982 MW / PUE | F27: — | G27: —
A28: fy26_end | B28: 46387 | C28: date | D28: Reported | E28: calendar FY | F28: — | G28: —
A29: q1_27_end | B29: 46477 | C29: date | D29: Reported | E29: — | F29: — | G29: —

Sheet Scenarios
A1: Scenario | B1: MW IT offline | C1: Outage months | D1: Outage start | E1: Outage end | F1: Days offline total | G1: Days in Q4/FY26 | H1: Days in FY27 | I1: Q4'26 rev at risk $M | J1: FY26 rev at risk $M | K1: FY27 rev at risk $M | L1: Total $M | M1: Total $M @ $14.5M/MW IT (sens.) | N1: Tranches affected | O1: Prob (Estimated) | P1: Tag | Q1: Notes
A2: 1. No shutdown (DataOne files by deadline; DEP lets gensets run pending permit / consent order) | B2: =0 | C2: 0 | D2: =Inputs!$B$6 | E2: =IF(C2=0,D2,EDATE(D2,C2)-1) | F2: =IF(C2=0,0,E2-D2+1) | G2: =IF(C2=0,0,MIN(E2,Inputs!$B$28)-D2+1) | H2: =F2-G2 | I2: =B2*Inputs!$B$18*G2/365 | J2: =I2 | K2: =B2*Inputs!$B$18*H2/365 | L2: =J2+K2 | M2: =B2*Inputs!$B$19*F2/365 | N2: No physical impact; T1-T4 bill; risk shifts to permit conditions and Bloom timing (T5-T9) | O2: 0.55 | P2: Derived (inputs partly Estimated) | Q2: Floodlight Oct 1: DEP allows operation during 45 days; DataOne says it will apply
A3: 2a. Partial: gensets capped at assumed % (consent-order cap) until Bloom/grid | B3: =Inputs!$B$16*Inputs!$B$21 | C3: 2 | D3: =Inputs!$B$6 | E3: =IF(C3=0,D3,EDATE(D3,C3)-1) | F3: =IF(C3=0,0,E3-D3+1) | G3: =IF(C3=0,0,MIN(E3,Inputs!$B$28)-D3+1) | H3: =F3-G3 | I3: =B3*Inputs!$B$18*G3/365 | J3: =I3 | K3: =B3*Inputs!$B$18*H3/365 | L3: =J3+K3 | M3: =B3*Inputs!$B$19*F3/365 | N3: T1-T4 partly (~half of genset-fed load); SLA credits likely | O3: 0.2 | P3: Derived (inputs partly Estimated) | Q3: Curtail % is Estimated (Inputs!B20); 2-month duration assumed
A4: 2b. Partial: curtailed to a minor-source (25 tpy NOx) "permitted" level until Bloom/grid | B4: =MAX(0,Inputs!$B$16-Inputs!$B$27) | C4: 2 | D4: =Inputs!$B$6 | E4: =IF(C4=0,D4,EDATE(D4,C4)-1) | F4: =IF(C4=0,0,E4-D4+1) | G4: =IF(C4=0,0,MIN(E4,Inputs!$B$28)-D4+1) | H4: =F4-G4 | I4: =B4*Inputs!$B$18*G4/365 | J4: =I4 | K4: =B4*Inputs!$B$18*H4/365 | L4: =J4+K4 | M4: =B4*Inputs!$B$19*F4/365 | N4: T1-T4 almost fully (only ~1 engine-equivalent allowed) | O4: 0.05 | P4: Derived (inputs partly Estimated) | Q4: Shows that a literal "permitted level" ≈ full shutdown
A5: 3a. Full shutdown of genset-fed load, 1 month | B5: =Inputs!$B$16 | C5: 1 | D5: =Inputs!$B$6 | E5: =IF(C5=0,D5,EDATE(D5,C5)-1) | F5: =IF(C5=0,0,E5-D5+1) | G5: =IF(C5=0,0,MIN(E5,Inputs!$B$28)-D5+1) | H5: =F5-G5 | I5: =B5*Inputs!$B$18*G5/365 | J5: =I5 | K5: =B5*Inputs!$B$18*H5/365 | L5: =J5+K5 | M5: =B5*Inputs!$B$19*F5/365 | N5: T1-T4 (all delivered tranches except ~4 MW IT on grid); possible SLA/termination rights | O5: 0.1 | P5: Derived (inputs partly Estimated) | Q5: Bloom/grid restores within 1 month
A6: 3b. Full shutdown, 2 months | B6: =Inputs!$B$16 | C6: 2 | D6: =Inputs!$B$6 | E6: =IF(C6=0,D6,EDATE(D6,C6)-1) | F6: =IF(C6=0,0,E6-D6+1) | G6: =IF(C6=0,0,MIN(E6,Inputs!$B$28)-D6+1) | H6: =F6-G6 | I6: =B6*Inputs!$B$18*G6/365 | J6: =I6 | K6: =B6*Inputs!$B$18*H6/365 | L6: =J6+K6 | M6: =B6*Inputs!$B$19*F6/365 | N6: T1-T4; T5-T6 start likely slips | O6: 0.06 | P6: Derived (inputs partly Estimated)
A7: 3c. Full shutdown, 3 months | B7: =Inputs!$B$16 | C7: 3 | D7: =Inputs!$B$6 | E7: =IF(C7=0,D7,EDATE(D7,C7)-1) | F7: =IF(C7=0,0,E7-D7+1) | G7: =IF(C7=0,0,MIN(E7,Inputs!$B$28)-D7+1) | H7: =F7-G7 | I7: =B7*Inputs!$B$18*G7/365 | J7: =I7 | K7: =B7*Inputs!$B$18*H7/365 | L7: =J7+K7 | M7: =B7*Inputs!$B$19*F7/365 | N7: T1-T4; T5-T9 schedule at risk | O7: 0.04 | P7: Derived (inputs partly Estimated)
A8: Probability-weighted (Estimated weights) | I8: =SUMPRODUCT(I2:I7,$O$2:$O$7) | J8: =SUMPRODUCT(J2:J7,$O$2:$O$7) | K8: =SUMPRODUCT(K2:K7,$O$2:$O$7) | L8: =SUMPRODUCT(L2:L7,$O$2:$O$7) | O8: =SUM(O2:O7)
A10: Formulas: MW offline x $11.6M/MW/yr x days/365. Q4 days = MIN(end, 2026-12-31) - start + 1; FY27 days = total - Q4 days. Outage end = EDATE(start, months) - 1.
A11: Revenue at risk assumes Microsoft does not pay for undelivered capacity (take-or-pay applies to delivered capacity; SLA credits / termination rights per 20-F not quantified). Not modelled: penalty ($1.07M, DataOne-level), economic-benefit penalty, Bloom-delay knock-on to T5-T9.
A12: Context: team base Q4'26 Vineland energized avg 81.8 MW IT -> Q4'26 Vineland revenue ≈ 81.8 x 11.6/4 = $237M (Derived).

Sheet Sources
A1: Item | B1: Finding | C1: Tag | D1: URL | E1: Date | F1: Confidence
A2: NJDEP order | B2: AONOCAPA dated Sep 22 2026; 62 unpermitted CAT G3516H; $1,072,000; 45 days from receipt to submit and obtain permits/certificates or cease | C2: Reported | D2: https://dep.nj.gov/wp-content/uploads/newsrel/2026/dataone75894-aonocapa.pdf (Incapsula-blocked; text via search snippets) ; https://www.nj.gov/governor/news/2026/20260922a.shtml | E2: 2026-09-22 | F2: High
A3: Receipt date | B3: Not disclosed | C3: — | D3: https://morristownminute.org/1-07-million-penalty-vineland-data-center/ | E3: 2026-09-22 | F3: —
A4: 45-day deadline | B4: Nov 6 2026 (receipt Sep 22) to ~Nov 9 (receipt Sep 25); before Nebius Q3 report Nov 10 | C4: Derived | D4: https://www.enr.com/articles/63694-nj-fines-data-center-1m-over-123-mw-of-unpermitted-generation | E4: 2026-09-23 | F4: Medium
A5: DataOne response | B5: "we will apply for the air permits for the temporary generators" | C5: Reported | D5: https://whyy.org/articles/vineland-data-center-fined/ | E5: 2026-09-23 | F5: High
A6: DEP lets gensets run in window; genset ramp 16 (Oct-25) -> 32 (Feb-26) -> 62 (Jun-26); >46,000 run-hours; ~140 t NOx | C6: Reported | D6: https://floodlightnews.org/vineland-nj-data-center-air-pollution/ | E6: 2026-10-01 | F6: Medium-High
A7: Air-permit public notice/comment | B7: None found for gensets or Bloom; earlier Bergen-engine application withdrawn May 27 2026; NJDEP BOSS public-notice page bot-blocked | C7: Reported (absence) | D7: https://dep.nj.gov/boss/public-notices/ | E7: 2026-10-04 | F7: Medium
A8: Bloom energized | B8: No evidence; stop-construction order Aug 10 2026; no public record of lift; S2 10 m / Landsat 100 m cannot resolve units | C8: — | D8: https://hntrbrk.com/breaking-news/vineland | E8: 2026-08-13 | F8: —
A9: Planning Board | B9: Next meeting Oct 14 2026 6:30pm; agenda not posted as of Oct 4; latest minutes posted Aug 12 (no DataOne item) | C9: Reported | D9: https://www.vinelandcity.org/event/planning-board-meeting-60/ | E9: 2026-10-04 | F9: High
A10: City Council | B10: Oct 13 2026 agenda: no DataOne/data-center/Bloom items; Oct 27 no files yet | C10: Reported | D10: https://vinelandnj.api.civicclerk.com/v1/Events | E10: 2026-10-04 | F10: High
A11: Tranche dates | B11: T1 Nov-25, T2 Feb-26 (20-F); two tranches in month before Aug 12 2026 (Q2 letter) -> Jul-Aug, not June | C11: Reported | D11: https://assets.nebius.com/assets/a6ecfd85-a6cb-4967-8ef7-9a25bd261f9c/SHLQ226.pdf | E11: 2026-08-12 | F11: Medium-High
